"Test Size",Azure,Amazon
0,0.044333538587849,0.044878784149643
1,0.046666666666667,0.043908045977011
10,0.045433789954338,0.043835616438356
100,0.045081967213115,0.044838966655286
1000,0.044246778423994,0.044897215005242
