"Test Size",Azure,Amazon
0,0.0099009090909091,0.00096758658008658
1,0.02200202020202,0.00096758658008658
10,0,0
100,0,0
1000,0,0
