"Test Size",Azure,Amazon
1,26.123301985371,26.661926768574
10,26.343519494204,26.253609871357
100,27.018264346698,26.28051825182
1000,26.402454372158,26.143754396508
