"Test Size",Azure,Amazon
0,0.044094933595671,0.04461197884639
1,0.04551724137931,0.044597701149425
10,0.044520547945205,0.044368600682594
100,0.043349304129592,0.044414075845576
1000,0.044163678788914,0.044637265284278
